{"min": -0.07401822106770906, "max": 0.1581946154073557}