{"min": -0.09612186604767459, "max": 0.1671461970296484}