{"min": -17.54352670426075, "max": 32.83509213934961}