{
  "isolation_forest": -0.017587939698492483,
  "ocsvm": 0.07286432160804024,
  "autoencoder": 0.09022759667306843
}