{
  "ocsvm": 9.118512857141155,
  "isolation_forest": 0.032624324647391734
}